Domain,IP
rcust.com,172.241.27.17
docns.com,23.106.160.174
hillpal.com,23.82.140.135
tapavi.com,23.82.140.137
fixval.com,23.82.140.207
mixalt.com,23.108.57.3
sideget.com,23.106.215.213
selfspin.com,23.106.160.231
rawint.com,23.106.160.165
rollfx.com,23.106.160.133
takehq.com,23.106.223.107
hdavail.com,23.81.246.16
gemsurf.com,23.106.160.80
jetdept.com,23.106.160.145
lookzero.com,23.106.160.152
repshd.com,23.81.246.24
clubuz.com,23.106.160.161
withfix.com,23.106.223.118
cuphq.com,23.106.215.40
inkcars.com,23.108.57.27
massflip.com,172.241.27.125
zipflag.com,172.241.27.57
libhd.com,172.241.27.65
pinglis.com,172.241.27.214
avetool.com,204.16.247.235
mixres.com,23.106.160.111
bitsse.com,173.234.155.124
regbest.com,23.106.160.129
palside.com,23.106.215.165
inksim.com,23.106.215.240
foxreps.com,204.16.247.189
topmmx.com,23.108.57.165
geotry.com,74.118.138.144
eyedm.com,108.62.141.129
mixdir.com,45.128.156.102
wavetips.com,45.128.156.106
lenview.com,173.254.235.9
domways.com,74.118.138.25
exrap.com,192.184.35.222
resnote.com,108.62.141.170
topevi.com,23.106.160.195
resfox.com,23.106.223.172
raills.com,23.106.160.86
facesh.com,23.19.227.165
simvp.com,108.62.118.209
ballom.com,204.16.247.30
zipold.com,204.16.247.232
exgot.com,204.16.247.101
dbhigh.com,204.16.247.151
rushwar.com,204.16.247.89
syscx.com,204.16.247.41
agesk.com,172.241.27.18
askside.com,108.62.12.143
